"year","country","Military_Expenditure_Billion_USD","Active_Personnel","GDP_Growth_Percent","Inflation_Rate_Percent","Conflict_Severity_Index","Significant_Event","Exports_pct_GDP","FDI_net_inflows_pct_GDP","GDP_current_USD","GDP_growth_annual_pct","GDP_per_capita_current_USD","Imports_pct_GDP","Inflation_consumer_prices_annual_pct","Life_expectancy_years","Unemployment_total_pct","Brent_Oil_Price_USD_per_barrel","periode"
1948,"USA",50.97,1421958,1.4,4.55,0,"None",NA,NA,NA,NA,NA,NA,NA,NA,NA,NA,"Paix"
1949,"USA",47.01,1437337,3.06,6.03,2,"None",NA,NA,NA,NA,NA,NA,NA,NA,NA,NA,"Conflit modéré"
1950,"USA",75.96,2800000,2.97,3.35,7,"Korean War",NA,NA,NA,NA,NA,NA,NA,NA,NA,NA,"Conflit intense"
1951,"USA",78.28,2800000,2.54,1.72,7,"Korean War",NA,NA,NA,NA,NA,NA,NA,NA,NA,NA,"Conflit intense"
1952,"USA",96.22,2800000,2.94,0.7,7,"Korean War",NA,NA,NA,NA,NA,NA,NA,NA,NA,NA,"Conflit intense"
1953,"USA",90.35,2800000,2.74,1.45,7,"Korean War",NA,NA,NA,NA,NA,NA,NA,NA,NA,NA,"Conflit intense"
1954,"USA",59.86,1387313,1.3,5.84,0,"None",NA,NA,NA,NA,NA,NA,NA,NA,NA,NA,"Paix"
1955,"USA",61.5,1420174,4.4,7.74,2,"None",NA,NA,NA,NA,NA,NA,NA,NA,NA,NA,"Conflit modéré"
1956,"USA",67.4,1335920,4.15,0.66,1,"None",NA,NA,NA,NA,NA,NA,NA,NA,NA,NA,"Conflit modéré"
1957,"USA",75.08,1378953,1.58,3.2,1,"None",NA,NA,NA,NA,NA,NA,NA,NA,NA,NA,"Conflit modéré"
1958,"USA",80.26,1496769,3.9,2.49,2,"None",NA,NA,NA,NA,NA,NA,NA,NA,NA,NA,"Conflit modéré"
1959,"USA",77.58,1340397,0.48,1.75,1,"None",NA,NA,NA,NA,NA,NA,NA,NA,NA,NA,"Conflit modéré"
1960,"USA",74.3,1386807,-0.19,0.36,0,"None",NA,NA,NA,NA,NA,NA,NA,NA,NA,NA,"Paix"
1961,"USA",88.51,1351214,-1.25,1.1,2,"None",NA,NA,NA,NA,NA,NA,NA,NA,NA,NA,"Conflit modéré"
1962,"USA",79.21,1339504,4.36,5.03,2,"None",NA,NA,NA,NA,NA,NA,NA,NA,NA,NA,"Conflit modéré"
1963,"USA",92.27,1326854,3.82,3.72,0,"None",NA,NA,NA,NA,NA,NA,NA,NA,NA,NA,"Paix"
1964,"USA",90.37,1413569,2.01,0.69,1,"None",NA,NA,NA,NA,NA,NA,NA,NA,NA,NA,"Conflit modéré"
1965,"USA",116.98,1494407,3.42,2.05,8,"Vietnam War",NA,NA,NA,NA,NA,NA,NA,NA,NA,NA,"Conflit intense"
1966,"USA",125.25,1458338,3.22,7.61,8,"Vietnam War",NA,NA,NA,NA,NA,NA,NA,NA,NA,NA,"Conflit intense"
1967,"USA",135.28,1421626,-2.74,5.47,8,"Vietnam War",NA,NA,NA,NA,NA,NA,NA,NA,NA,NA,"Conflit intense"
1968,"USA",132.15,3e+06,-0.34,6.13,8,"Vietnam War",NA,NA,NA,NA,NA,NA,NA,NA,NA,NA,"Conflit intense"
1969,"USA",135.59,3e+06,-0.34,3.57,8,"Vietnam War",NA,NA,NA,NA,NA,NA,NA,NA,NA,NA,"Conflit intense"
1970,"USA",163.54,3e+06,3.91,4.08,8,"Vietnam War",NA,NA,NA,NA,NA,NA,NA,NA,NA,NA,"Conflit intense"
1971,"USA",172.49,3e+06,2.29,0.13,8,"Vietnam War",NA,NA,NA,NA,NA,NA,NA,NA,NA,NA,"Conflit intense"
1972,"USA",171.54,3e+06,1.1,2.02,8,"Vietnam War",NA,NA,NA,NA,NA,NA,NA,NA,NA,NA,"Conflit intense"
1973,"USA",161.66,3e+06,3.09,3.78,8,"Vietnam War",NA,NA,NA,NA,NA,NA,NA,NA,NA,NA,"Conflit intense"
1974,"USA",171.9,1436602,-0.33,9.74,2,"None",NA,NA,NA,NA,NA,NA,NA,NA,NA,NA,"Conflit modéré"
1975,"USA",183.81,1497271,2.18,4.21,0,"None",NA,NA,NA,NA,NA,NA,NA,NA,NA,NA,"Paix"
1976,"USA",139.38,1351005,2.46,2.02,0,"None",NA,NA,NA,NA,NA,NA,NA,NA,NA,NA,"Paix"
1977,"USA",160.12,1393264,1.62,2.75,0,"None",NA,NA,NA,NA,NA,NA,NA,NA,NA,NA,"Paix"
1978,"USA",153.8,1477789,2.43,0.51,1,"None",NA,NA,NA,NA,NA,NA,NA,NA,NA,NA,"Conflit modéré"
1979,"USA",176.35,1370467,2.07,8.93,0,"None",NA,NA,NA,NA,NA,NA,NA,NA,NA,NA,"Paix"
1980,"USA",176.66,1498935,3.21,10.93,1,"None",NA,NA,NA,NA,NA,NA,NA,NA,NA,NA,"Conflit modéré"
1981,"USA",170.98,1380623,1.61,4.13,2,"None",NA,NA,NA,NA,NA,NA,NA,NA,NA,NA,"Conflit modéré"
1982,"USA",197.73,1315708,1.67,5.57,2,"None",NA,NA,NA,NA,NA,NA,NA,NA,NA,NA,"Conflit modéré"
1983,"USA",193.26,1442483,0.38,4.42,0,"None",NA,NA,NA,NA,NA,NA,NA,NA,NA,NA,"Paix"
1984,"USA",189.33,1400689,3.46,5.78,0,"None",NA,NA,NA,NA,NA,NA,NA,NA,NA,NA,"Paix"
1985,"USA",220.23,1347254,6.24,4.19,2,"None",NA,NA,NA,NA,NA,NA,NA,NA,NA,NA,"Conflit modéré"
1986,"USA",210.48,1396601,2.53,4.13,0,"None",NA,NA,NA,NA,NA,NA,NA,NA,NA,NA,"Paix"
1987,"USA",216.45,1403727,2.63,4.5,2,"None",NA,NA,NA,NA,NA,NA,NA,NA,NA,NA,"Conflit modéré"
1988,"USA",257.16,1307400,5.1,0.4,2,"None",NA,NA,NA,NA,NA,NA,NA,NA,NA,NA,"Conflit modéré"
1989,"USA",271.4,1420885,3.74,6.65,2,"None",NA,NA,NA,NA,NA,NA,NA,NA,NA,NA,"Conflit modéré"
1990,"USA",253.01,1305539,2.95,5.54,2,"None",NA,NA,NA,NA,NA,NA,NA,NA,NA,NA,"Conflit modéré"
1991,"USA",267.24,1338360,2.85,0.65,6,"Gulf War",NA,NA,NA,NA,NA,NA,NA,NA,NA,NA,"Conflit intense"
1992,"USA",280.48,1350108,3.97,0.14,0,"None",NA,NA,NA,NA,NA,NA,NA,NA,NA,NA,"Paix"
1993,"USA",301.27,1435059,5.19,0.8,2,"None",NA,NA,NA,NA,NA,NA,NA,NA,NA,NA,"Conflit modéré"
1994,"USA",289.48,1344064,3.77,12.18,1,"None",NA,NA,NA,NA,NA,NA,NA,NA,NA,NA,"Conflit modéré"
1995,"USA",340.66,1437965,3.13,3.18,2,"None",NA,NA,NA,NA,NA,NA,NA,NA,NA,NA,"Conflit modéré"
1996,"USA",333.58,1450810,-1.37,0.46,0,"None",NA,NA,NA,NA,NA,NA,NA,NA,NA,NA,"Paix"
1997,"USA",346.59,1407455,1.75,4.51,2,"None",NA,NA,NA,NA,NA,NA,NA,NA,NA,NA,"Conflit modéré"
1998,"USA",346.11,1409616,-1.07,2.27,1,"None",NA,NA,NA,NA,NA,NA,NA,NA,NA,NA,"Conflit modéré"
1999,"USA",404.04,1363208,2.24,4.02,1,"None",NA,NA,NA,NA,NA,NA,NA,NA,NA,NA,"Conflit modéré"
2000,"USA",360.57,1497307,1.6,5.33,0,"None",NA,NA,NA,NA,NA,NA,NA,NA,NA,NA,"Paix"
2001,"USA",547.8,1481408,0.65,1.46,7,"War on Terror (Afghanistan/Iraq)",NA,NA,NA,NA,NA,NA,NA,NA,NA,NA,"Conflit intense"
2002,"USA",595.35,1454165,3.76,8.29,7,"War on Terror (Afghanistan/Iraq)",NA,NA,NA,NA,NA,NA,NA,NA,NA,NA,"Conflit intense"
2003,"USA",650.93,1311093,-0.11,0.75,7,"War on Terror (Afghanistan/Iraq)",NA,NA,NA,NA,NA,NA,NA,NA,NA,NA,"Conflit intense"
2004,"USA",668.4,1497392,3.4,8.34,7,"War on Terror (Afghanistan/Iraq)",NA,NA,NA,NA,NA,NA,NA,NA,NA,NA,"Conflit intense"
2005,"USA",614.61,1482065,3.53,14.56,7,"War on Terror (Afghanistan/Iraq)",NA,NA,NA,NA,NA,NA,NA,NA,NA,NA,"Conflit intense"
2006,"USA",658.76,1377575,4.41,4.95,7,"War on Terror (Afghanistan/Iraq)",NA,NA,NA,NA,NA,NA,NA,NA,NA,NA,"Conflit intense"
2007,"USA",642.34,1444475,-0.62,9,7,"War on Terror (Afghanistan/Iraq)",NA,NA,NA,NA,NA,NA,NA,NA,NA,NA,"Conflit intense"
2008,"USA",668.24,1393848,-2.5,3.42,7,"War on Terror (Afghanistan/Iraq)",NA,NA,NA,NA,NA,NA,NA,NA,NA,NA,"Conflit intense"
2009,"USA",769.24,1427813,-2.5,2.64,7,"War on Terror (Afghanistan/Iraq)",NA,NA,NA,NA,NA,NA,NA,NA,NA,NA,"Conflit intense"
2010,"USA",802.93,1450580,4.92,2.55,7,"War on Terror (Afghanistan/Iraq)",NA,NA,NA,NA,NA,NA,NA,NA,NA,NA,"Conflit intense"
2011,"USA",584.44,1470806,2.29,1.54,7,"War on Terror (Afghanistan/Iraq)",NA,NA,NA,NA,NA,NA,NA,NA,NA,NA,"Conflit intense"
2012,"USA",656.67,1412566,1.03,1.27,7,"War on Terror (Afghanistan/Iraq)",NA,NA,NA,NA,NA,NA,NA,NA,NA,NA,"Conflit intense"
2013,"USA",632.56,1400235,0.1,2,7,"War on Terror (Afghanistan/Iraq)",NA,NA,NA,NA,NA,NA,NA,NA,NA,NA,"Conflit intense"
2014,"USA",636.24,1477247,6.03,4.21,7,"War on Terror (Afghanistan/Iraq)",NA,NA,NA,NA,NA,NA,NA,NA,NA,NA,"Conflit intense"
2015,"USA",707.62,1434415,6.77,3.68,7,"War on Terror (Afghanistan/Iraq)",NA,NA,NA,NA,NA,NA,NA,NA,NA,NA,"Conflit intense"
2016,"USA",756.96,1490710,2.67,1.22,7,"War on Terror (Afghanistan/Iraq)",NA,NA,NA,NA,NA,NA,NA,NA,NA,NA,"Conflit intense"
2017,"USA",788.07,1393468,2.03,8.62,7,"War on Terror (Afghanistan/Iraq)",NA,NA,NA,NA,NA,NA,NA,NA,NA,NA,"Conflit intense"
2018,"USA",801.9,1421172,-0.09,2.68,7,"War on Terror (Afghanistan/Iraq)",NA,NA,NA,NA,NA,NA,NA,NA,NA,NA,"Conflit intense"
2019,"USA",771,1404185,5.59,6.97,7,"War on Terror (Afghanistan/Iraq)",NA,NA,NA,NA,NA,NA,NA,NA,NA,NA,"Conflit intense"
2020,"USA",848.75,1496489,-3.4,10.04,7,"War on Terror (Afghanistan/Iraq)",NA,NA,NA,NA,NA,NA,NA,NA,NA,NA,"Conflit intense"
2021,"USA",1021.36,1316364,2.1,3.18,7,"War on Terror (Afghanistan/Iraq)",NA,NA,NA,NA,NA,NA,NA,NA,NA,NA,"Conflit intense"
2022,"USA",1064.27,1490347,5.67,0.71,0,"None",NA,NA,NA,NA,NA,NA,NA,NA,NA,NA,"Paix"
2023,"USA",1073.56,1393610,2.2,4.76,0,"None",NA,NA,NA,NA,NA,NA,NA,NA,NA,NA,"Paix"
2024,"USA",1117.42,1382986,3.06,1.13,4,"Middle East Deployments",NA,NA,NA,NA,NA,NA,NA,NA,NA,NA,"Conflit modéré"
1948,"Israel",0.51,375735,0.42,1.34,9,"Arab-Israeli War",NA,NA,NA,NA,NA,NA,NA,NA,NA,NA,"Conflit intense"
1949,"Israel",0.5,163190,7.11,3.68,0,"None",NA,NA,NA,NA,NA,NA,NA,NA,NA,NA,"Paix"
1950,"Israel",0.53,195069,4.02,7.79,0,"None",NA,NA,NA,NA,NA,NA,NA,NA,NA,NA,"Paix"
1951,"Israel",0.63,140698,4.78,4.63,2,"None",NA,NA,NA,NA,NA,NA,NA,NA,NA,NA,"Conflit modéré"
1952,"Israel",0.58,194098,2.29,4.96,0,"None",NA,NA,NA,NA,NA,NA,NA,NA,NA,NA,"Paix"
1953,"Israel",0.68,163576,1.12,5.81,0,"None",NA,NA,NA,NA,NA,NA,NA,NA,NA,NA,"Paix"
1954,"Israel",0.62,167192,7.63,6.21,2,"None",NA,NA,NA,NA,NA,NA,NA,NA,NA,NA,"Conflit modéré"
1955,"Israel",0.65,163625,4.18,5.25,1,"None",NA,NA,NA,NA,NA,NA,NA,NA,NA,NA,"Conflit modéré"
1956,"Israel",0.77,186732,2.99,0.93,6,"Suez Crisis",NA,NA,NA,NA,NA,NA,NA,NA,NA,NA,"Conflit intense"
1957,"Israel",0.76,157924,0.84,5.24,0,"None",NA,NA,NA,NA,NA,NA,NA,NA,NA,NA,"Paix"
1958,"Israel",0.86,181459,4.58,4.44,0,"None",NA,NA,NA,NA,NA,NA,NA,NA,NA,NA,"Paix"
1959,"Israel",0.89,175909,3.67,10.58,1,"None",NA,NA,NA,NA,NA,NA,NA,NA,NA,NA,"Conflit modéré"
1960,"Israel",0.82,165289,3.4,4.99,1,"None",NA,NA,NA,NA,NA,NA,NA,NA,NA,NA,"Conflit modéré"
1961,"Israel",0.99,195771,5.3,6.61,2,"None",NA,NA,NA,NA,NA,NA,NA,NA,NA,NA,"Conflit modéré"
1962,"Israel",0.91,182956,2.92,0.74,0,"None",NA,NA,NA,NA,NA,NA,NA,NA,NA,NA,"Paix"
1963,"Israel",0.99,157312,4.45,5.04,0,"None",NA,NA,NA,NA,NA,NA,NA,NA,NA,NA,"Paix"
1964,"Israel",1.03,170354,4.05,6.49,0,"None",NA,NA,NA,NA,NA,NA,NA,NA,NA,NA,"Paix"
1965,"Israel",1.1,192638,6.87,2.89,2,"None",NA,NA,NA,NA,NA,NA,NA,NA,NA,NA,"Conflit modéré"
1966,"Israel",1.15,150975,3.71,3.2,0,"None",NA,NA,NA,NA,NA,NA,NA,NA,NA,NA,"Paix"
1967,"Israel",3.01,386427,1.58,9.77,9,"Six-Day War",NA,NA,NA,NA,NA,NA,NA,NA,NA,NA,"Conflit intense"
1968,"Israel",1.3,177732,4.68,10.63,0,"None",NA,NA,NA,NA,NA,NA,NA,NA,NA,NA,"Paix"
1969,"Israel",1.27,199852,2.2,6.48,1,"None",NA,NA,NA,NA,NA,NA,NA,NA,NA,NA,"Conflit modéré"
1970,"Israel",1.57,185445,1.36,10.49,1,"None",NA,NA,NA,NA,NA,NA,NA,NA,NA,NA,"Conflit modéré"
1971,"Israel",1.63,169548,3.38,1.49,1,"None",NA,NA,NA,NA,NA,NA,NA,NA,NA,NA,"Conflit modéré"
1972,"Israel",1.72,148415,2.77,9.31,2,"None",NA,NA,NA,NA,NA,NA,NA,NA,NA,NA,"Conflit modéré"
1973,"Israel",5.59,386540,4.44,3.55,10,"Yom Kippur War",NA,NA,NA,NA,NA,NA,NA,NA,NA,NA,"Conflit intense"
1974,"Israel",1.94,178757,4.33,7.42,0,"None",NA,NA,NA,NA,NA,NA,NA,NA,NA,NA,"Paix"
1975,"Israel",1.73,172201,1.3,3.09,0,"None",NA,NA,NA,NA,NA,NA,NA,NA,NA,NA,"Paix"
1976,"Israel",2.03,185106,2.26,2.99,0,"None",NA,NA,NA,NA,NA,NA,NA,NA,NA,NA,"Paix"
1977,"Israel",2.17,182783,4,3.72,1,"None",NA,NA,NA,NA,NA,NA,NA,NA,NA,NA,"Conflit modéré"
1978,"Israel",1.98,168538,5.87,3.29,0,"None",NA,NA,NA,NA,NA,NA,NA,NA,NA,NA,"Paix"
1979,"Israel",2.23,177626,1.96,4.19,2,"None",NA,NA,NA,NA,NA,NA,NA,NA,NA,NA,"Conflit modéré"
1980,"Israel",2.31,141252,6.98,128.32,1,"None",NA,NA,NA,NA,NA,NA,NA,NA,NA,NA,"Conflit modéré"
1981,"Israel",2.7,195393,3.32,252.62,2,"None",NA,NA,NA,NA,NA,NA,NA,NA,NA,NA,"Conflit modéré"
1982,"Israel",4.23,357715,-0.06,136.84,7,"Lebanon War",NA,NA,NA,NA,NA,NA,NA,NA,NA,NA,"Conflit intense"
1983,"Israel",2.75,191332,5.07,220.98,0,"None",NA,NA,NA,NA,NA,NA,NA,NA,NA,NA,"Paix"
1984,"Israel",2.65,159963,0.95,168.78,2,"None",NA,NA,NA,NA,NA,NA,NA,NA,NA,NA,"Conflit modéré"
1985,"Israel",2.82,157144,1.26,94.91,2,"None",NA,NA,NA,NA,NA,NA,NA,NA,NA,NA,"Conflit modéré"
1986,"Israel",3.45,164071,5.12,2.26,0,"None",NA,NA,NA,NA,NA,NA,NA,NA,NA,NA,"Paix"
1987,"Israel",3.15,176034,4.94,5.05,0,"None",NA,NA,NA,NA,NA,NA,NA,NA,NA,NA,"Paix"
1988,"Israel",3.29,163954,2.99,8.14,1,"None",NA,NA,NA,NA,NA,NA,NA,NA,NA,NA,"Conflit modéré"
1989,"Israel",3.99,153716,7.37,12.14,1,"None",NA,NA,NA,NA,NA,NA,NA,NA,NA,NA,"Conflit modéré"
1990,"Israel",3.56,182928,7.93,5.11,0,"None",27.9465207709517,0.243482687846156,62016729540.7093,7.3151991944807,13308.311060238,32.9509014306727,17.2553348050036,76.6073170731707,NA,23,"Paix"
1991,"Israel",3.8,162574,2.6,5.64,1,"None",23.9793403778088,0.486769098931952,70998755006.9019,7.72611510990106,14346.0810278646,31.7387408145862,19.1088798242862,76.7585365853659,13.387,20,"Conflit modéré"
1992,"Israel",3.92,193295,3.78,4.34,0,"None",24.4831613459911,0.740645784472681,79457685757.166,7.7592662201412,15509.9913638817,30.4240902028808,12.0653319283457,76.5048780487805,14.08,18,"Paix"
1993,"Israel",4.87,154178,2.94,3.27,2,"None",26.1045226543852,0.757489644348421,79855877174.4429,4.11675635714511,15178.8399875391,33.9095477830323,10.8838740009403,77.1536585365854,12.741,19,"Conflit modéré"
1994,"Israel",4.95,148717,0.97,9.1,1,"None",26.1098656045866,0.48666464040433,90740103828.6058,7.42784528286684,16806.8353081322,33.6778940731722,12.253550985796,77.4024390243903,9.934,25,"Conflit modéré"
1995,"Israel",4.98,144621,5.73,6.41,2,"None",25.8481878436735,1.27993653764054,105497418058.646,6.60292466276256,19025.6840502517,33.5412193312938,9.93389990557126,77.4512195121951,8.782,20,"Conflit modéré"
1996,"Israel",4.93,180940,3.28,7.71,2,"None",25.4379943512674,1.21363908773481,115116595544.694,5.83943847597874,20224.2789080629,32.6931414218062,11.4585122831129,78.1048780487805,8.455,18,"Conflit modéré"
1997,"Israel",5.27,148152,2.46,6.73,2,"None",26.282671247824,1.36765643310041,119459826346.611,3.61234610744576,20469.4699017497,31.2847740121409,8.95499383477184,78,9.751,25,"Conflit modéré"
1998,"Israel",6.18,169926,4.15,2.37,0,"None",26.9048646341312,1.441258680212,120547409278.703,4.11196396238032,20188.8141481667,29.9996020451865,5.48875371339656,78.1487804878049,10.749,27,"Paix"
1999,"Israel",6.02,184243,-0.35,3.83,0,"None",30.8005240292505,3.4179675619151,121417185061.719,3.29727980669843,19823.2138876277,33.9390615958789,5.18975459299983,78.6585365853659,11.183,30,"Paix"
2000,"Israel",6.63,166734,7.13,6.67,2,"None",33.7710777307984,5.89507316780042,136512300542.025,8.58208942390802,21706.5194056329,34.575781306185,1.03263640999489,78.9536585365854,11.102,35,"Conflit modéré"
2001,"Israel",6.46,155728,-0.02,8.2,0,"None",29.5058979011867,1.31205425123863,135002039612.906,0.277927326527333,20966.3052667971,32.6336868539683,1.12302839116721,79.4073170731707,11.812,50,"Paix"
2002,"Israel",7.65,194553,1.17,6.79,2,"None",30.8726038348007,1.26264306760422,125332331883.997,-0.134072634658438,19076.4584298321,34.5985015797975,5.80234589468429,79.4512195121951,12.888,55,"Conflit modéré"
2003,"Israel",6.86,143812,2.77,1.22,1,"None",32.6890976814998,2.52798678419127,131408914824.005,1.4490576944626,19643.4690380742,34.1926526883506,0.70763061681807,79.6487804878049,13.505,60,"Conflit modéré"
2004,"Israel",8.42,150589,4.1,2.51,0,"None",37.2034160019932,2.10420736029139,140047984605.087,4.64789744397389,20568.0694088834,37.7697835245215,-0.421595034547416,80.1463414634146,13.029,65,"Paix"
2005,"Israel",8.66,178110,4.35,7.72,2,"None",38.8199731456125,3.26627070729098,147519922009.047,4.38778887041551,21286.8388636595,39.50428823132,1.34070328119492,80.1512195121951,11.342,70,"Conflit modéré"
2006,"Israel",8.76,181605,3.98,6.35,6,"Second Lebanon War",39.0366654738202,9.05944013221796,158900547825.306,5.60162698158004,22527.2619795719,39.3986234980262,2.05407914587443,80.5536585365854,10.707,75,"Conflit intense"
2007,"Israel",8.5,178328,4.57,10.35,1,"None",38.7309427849305,4.76393877718242,184681214673.45,6.32334950499747,25721.2594077311,40.1061635147322,0.466226972936065,80.5048780487805,9.379,80,"Conflit modéré"
2008,"Israel",9.4,172043,2.18,6.92,0,"None",37.1735711862802,4.64409119960907,221231658862.876,3.22209599987266,30269.217773489,38.2073511193778,4.52744765138651,80.9512195121951,7.704,85,"Paix"
2009,"Israel",9.82,142048,0.95,7.39,0,"None",31.8215668375585,2.15877755898524,213403181852.86,1.23773159721814,28508.4938886475,29.8540811264115,3.3676231727125,81.4048780487805,9.534,90,"Paix"
2010,"Israel",10.03,172254,9.57,0.17,0,"None",33.5283775791883,2.91418894955553,239679036634.372,5.53434033902194,31439.0887027614,32.104702289727,2.70270270270273,81.6024390243903,8.48,95,"Paix"
2011,"Israel",9.74,199383,2.8,7.28,0,"None",34.1820194106911,3.22758725723671,268094998225.028,5.51879621371651,34522.5215979073,34.7274184390463,3.48837209302323,81.6560975609756,7.139,100,"Paix"
2012,"Israel",12.02,191976,2.55,12.3,2,"None",34.718418157701,3.42096752579402,263589172712.391,2.44716836741318,33321.4300881602,35.2466069250033,1.67553715750052,81.7048780487805,6.762,105,"Conflit modéré"
2013,"Israel",10.89,182078,4.34,5.27,2,"None",32.8051206257893,3.96752765564861,298478070673.058,4.08570918638205,37034.3161080785,31.3289305035608,1.58976347421476,82.0560975609756,6.137,80,"Conflit modéré"
2014,"Israel",11.77,145415,5.16,6.49,0,"None",31.4890595862987,1.9201815482971,315017088116.716,3.77582843213109,38343.3046626235,30.2242945297015,0.467557251908503,82.1536585365854,5.789,75,"Paix"
2015,"Israel",13.58,163325,3.12,6.38,2,"None",30.8618661959764,3.73553271836246,303469434072.296,2.23760317482488,36213.1041481958,28.0361057195896,-0.617342577642765,82.0512195121951,5.176,70,"Conflit modéré"
2016,"Israel",13.5,180345,3.45,6.82,1,"None",29.6960089388032,3.72366398162517,321940971558.016,4.45978271860821,37671.5389138798,28.1030227462751,-0.535168195718695,82.4073170731707,4.723,65,"Conflit modéré"
2017,"Israel",14.85,183303,7.54,3.8,2,"None",28.9776587580992,4.71262751632939,358451839052.991,4.3469311670646,41138.470964272,27.3024554959932,0.249807840123008,82.5512195121951,4.14,60,"Conflit modéré"
2018,"Israel",14.77,145984,4.04,10.03,0,"None",29.6925022331652,5.71739368118438,376299083108.497,4.00389862187025,42362.6652754196,29.0512520055796,0.805060379528526,82.8024390243903,3.917,55,"Paix"
2019,"Israel",16.11,151246,5.66,1.63,2,"None",28.9810422486608,4.33363467004394,400645216358.857,3.71049632750405,44250.6313628073,27.3443063939232,0.817645940292794,82.8048780487805,3.731,50,"Conflit modéré"
2020,"Israel",15.56,181157,-2.2,6.71,1,"None",27.1722994385229,5.1047506129271,410768352657.612,-2.02161548237589,44575.5719045492,24.0643743535137,-0.575254620897756,82.6487804878049,4.169,45,"Conflit modéré"
2021,"Israel",19,155374,3.97,8.16,1,"None",28.8234046153015,3.86849852798664,489851549972.347,9.38837403354628,52270.9040241956,26.0782795853972,1.47965474722561,82.5,4.812,70,"Conflit modéré"
2022,"Israel",16.77,173187,5.94,7.16,0,"None",31.3853280968641,4.35725962102686,525181008025.57,6.26326343841286,54949.621556429,29.2595245774311,4.41162725488371,82.7,3.695,75,"Paix"
2023,"Israel",47.01,459029,3.9,10.52,10,"Gaza/Regional War",30.4105026275679,3.15712318737314,512184638998.974,1.82652049482384,52003.7200729997,27.5798180861304,4.22522603168918,83.1951219512195,3.371,80,"Conflit intense"
2024,"Israel",51.37,495180,0.46,2.06,10,"Gaza/Regional War",28.4347615877701,2.73472411141711,540379921261.681,0.871968424377442,54176.6844383302,26.0172387092026,3.07480889805025,NA,3.595,85,"Conflit intense"
1948,"Iran",0.98,427834,3.28,10.98,1,"None",NA,NA,NA,NA,NA,NA,NA,NA,NA,NA,"Conflit modéré"
1949,"Iran",1.05,481886,5.13,5.5,1,"None",NA,NA,NA,NA,NA,NA,NA,NA,NA,NA,"Conflit modéré"
1950,"Iran",1.15,475885,2.96,8.68,2,"None",NA,NA,NA,NA,NA,NA,NA,NA,NA,NA,"Conflit modéré"
1951,"Iran",1.08,387219,2.29,13.91,0,"None",NA,NA,NA,NA,NA,NA,NA,NA,NA,NA,"Paix"
1952,"Iran",1.2,484869,2.25,8.51,1,"None",NA,NA,NA,NA,NA,NA,NA,NA,NA,NA,"Conflit modéré"
1953,"Iran",1.14,450158,1.39,7.81,4,"Coup d'état",NA,NA,NA,NA,NA,NA,NA,NA,NA,NA,"Conflit modéré"
1954,"Iran",1.08,406264,1.91,11.98,0,"None",NA,NA,NA,NA,NA,NA,NA,NA,NA,NA,"Paix"
1955,"Iran",1.33,363224,3.08,7.16,1,"None",NA,NA,NA,NA,NA,NA,NA,NA,NA,NA,"Conflit modéré"
1956,"Iran",1.25,489649,0.39,1.65,2,"None",NA,NA,NA,NA,NA,NA,NA,NA,NA,NA,"Conflit modéré"
1957,"Iran",1.3,391914,1.25,9.55,0,"None",NA,NA,NA,NA,NA,NA,NA,NA,NA,NA,"Paix"
1958,"Iran",1.28,369956,3.04,12.09,2,"None",NA,NA,NA,NA,NA,NA,NA,NA,NA,NA,"Conflit modéré"
1959,"Iran",1.52,369097,2.96,6.68,2,"None",NA,NA,NA,NA,NA,NA,NA,NA,NA,NA,"Conflit modéré"
1960,"Iran",1.51,351759,3.53,9.93,2,"None",NA,NA,NA,NA,NA,NA,NA,NA,NA,NA,"Conflit modéré"
1961,"Iran",1.43,443501,2.35,8.36,0,"None",NA,NA,NA,NA,NA,NA,NA,NA,NA,NA,"Paix"
1962,"Iran",1.58,422847,2.07,10.32,1,"None",NA,NA,NA,NA,NA,NA,NA,NA,NA,NA,"Conflit modéré"
1963,"Iran",1.64,487717,-0.66,6.28,1,"None",NA,NA,NA,NA,NA,NA,NA,NA,NA,NA,"Conflit modéré"
1964,"Iran",1.69,415155,4.08,9.24,2,"None",NA,NA,NA,NA,NA,NA,NA,NA,NA,NA,"Conflit modéré"
1965,"Iran",1.5,453177,5.17,6.02,0,"None",NA,NA,NA,NA,NA,NA,NA,NA,NA,NA,"Paix"
1966,"Iran",1.61,455947,5.94,3.48,2,"None",NA,NA,NA,NA,NA,NA,NA,NA,NA,NA,"Conflit modéré"
1967,"Iran",1.86,426218,8.64,10.45,0,"None",NA,NA,NA,NA,NA,NA,NA,NA,NA,NA,"Paix"
1968,"Iran",1.92,422258,3.79,12.93,1,"None",NA,NA,NA,NA,NA,NA,NA,NA,NA,NA,"Conflit modéré"
1969,"Iran",2.03,437127,4.92,11.33,2,"None",NA,NA,NA,NA,NA,NA,NA,NA,NA,NA,"Conflit modéré"
1970,"Iran",1.85,404771,1.34,11.85,2,"None",NA,NA,NA,NA,NA,NA,NA,NA,NA,NA,"Conflit modéré"
1971,"Iran",2.13,397057,4.15,6.25,1,"None",NA,NA,NA,NA,NA,NA,NA,NA,NA,NA,"Conflit modéré"
1972,"Iran",1.98,373236,1.02,7.55,1,"None",NA,NA,NA,NA,NA,NA,NA,NA,NA,NA,"Conflit modéré"
1973,"Iran",2.04,466243,0.94,15.26,1,"None",NA,NA,NA,NA,NA,NA,NA,NA,NA,NA,"Conflit modéré"
1974,"Iran",2.15,488155,2.79,10.77,1,"None",NA,NA,NA,NA,NA,NA,NA,NA,NA,NA,"Conflit modéré"
1975,"Iran",2.01,440093,0.83,9.64,1,"None",NA,NA,NA,NA,NA,NA,NA,NA,NA,NA,"Conflit modéré"
1976,"Iran",2.18,352573,5.24,13.17,0,"None",NA,NA,NA,NA,NA,NA,NA,NA,NA,NA,"Paix"
1977,"Iran",2.37,405029,1.5,15.56,1,"None",NA,NA,NA,NA,NA,NA,NA,NA,NA,NA,"Conflit modéré"
1978,"Iran",2.58,476678,5.4,11.62,0,"None",NA,NA,NA,NA,NA,NA,NA,NA,NA,NA,"Paix"
1979,"Iran",2.66,381653,-9,7.96,8,"Islamic Revolution",NA,NA,NA,NA,NA,NA,NA,NA,NA,NA,"Conflit intense"
1980,"Iran",5.25,1500000,-2,22.27,10,"Iran-Iraq War",NA,NA,NA,NA,NA,NA,NA,NA,NA,NA,"Conflit intense"
1981,"Iran",5.22,1500000,-2,21.16,10,"Iran-Iraq War",NA,NA,NA,NA,NA,NA,NA,NA,NA,NA,"Conflit intense"
1982,"Iran",5.34,1500000,-2,24.33,10,"Iran-Iraq War",NA,NA,NA,NA,NA,NA,NA,NA,NA,NA,"Conflit intense"
1983,"Iran",6.13,1500000,-2,26.3,10,"Iran-Iraq War",NA,NA,NA,NA,NA,NA,NA,NA,NA,NA,"Conflit intense"
1984,"Iran",5.25,1500000,-2,21.64,10,"Iran-Iraq War",NA,NA,NA,NA,NA,NA,NA,NA,NA,NA,"Conflit intense"
1985,"Iran",6.51,1500000,-2,25.37,10,"Iran-Iraq War",NA,NA,NA,NA,NA,NA,NA,NA,NA,NA,"Conflit intense"
1986,"Iran",5.96,1500000,-2,22.89,10,"Iran-Iraq War",NA,NA,NA,NA,NA,NA,NA,NA,NA,NA,"Conflit intense"
1987,"Iran",6.28,1500000,-2,24.86,10,"Iran-Iraq War",NA,NA,NA,NA,NA,NA,NA,NA,NA,NA,"Conflit intense"
1988,"Iran",6.23,1500000,-2,26.6,10,"Iran-Iraq War",NA,NA,NA,NA,NA,NA,NA,NA,NA,NA,"Conflit intense"
1989,"Iran",3.64,438929,2.88,8.02,2,"None",NA,NA,NA,NA,NA,NA,NA,NA,NA,NA,"Conflit modéré"
1990,"Iran",3.78,386408,0.86,9.32,1,"None",13.2787418004901,-0.289993217558947,124813263926.225,13.594926443584,2137.94222739877,23.801825898321,7.62767493763934,64.066,NA,23,"Conflit modéré"
1991,"Iran",3.72,481410,5.13,11.86,2,"None",13.8243202860364,0.0171607419557352,131637664958.014,12.7161484424098,2194.43906803657,30.3698513617678,17.1285679434012,66.233,11.1,20,"Conflit modéré"
1992,"Iran",3.78,455423,2.59,11.9,0,"None",13.1645906691731,0.0070970133460197,119768691216.667,3.29798191958058,1957.48507794252,27.233336583065,25.8077226162332,66.653,10.653,18,"Paix"
1993,"Iran",3.82,440600,4.36,10.62,2,"None",25.4101116466448,0.325601196600586,63743623232.012,-1.47101148218381,1038.10985682067,20.6307526777243,21.2026307547761,67.037,10.573,19,"Conflit modéré"
1994,"Iran",3.83,369541,1.34,13.16,1,"None",28.2861924143561,0.0027839077426266,71841461172.5964,-1.69828611909162,1167.76272513795,13.3229439837767,31.4470284237728,67.49,10.458,25,"Conflit modéré"
1995,"Iran",3.64,487809,6.21,1.86,2,"None",21.6762407043299,0.0176313384274561,96419225743.6737,2.40104455220023,1550.0095955025,13.4680042116275,49.6559858462746,67.904,9.904,20,"Conflit modéré"
1996,"Iran",3.78,424910,5.3,3.96,0,"None",20.1951302398727,0.0215939791939169,120403931885.441,6.35052601873645,1914.78121294313,15.0261689147315,28.9373440168137,68.328,9.1,18,"Paix"
1997,"Iran",4.1,484055,-0.66,6.15,2,"None",17.2779308650647,0.0465242180580812,113919163421.155,1.3503992743003,1790.06617575598,15.3716272465768,17.3492257538708,68.649,9.68,25,"Conflit modéré"
1998,"Iran",4.49,356640,7.58,11.46,0,"None",12.6833809123619,0.0217633947743042,110276913362.508,2.08001178027133,1709.19334096046,16.5448387339515,17.8661342130398,69.214,10.358,27,"Paix"
1999,"Iran",4.85,429273,3.06,12.99,2,"None",19.292023195998,0.0307426231739111,113848450088.351,2.00269623253435,1739.59462001458,15.5933909385954,20.0707078146866,69.686,11.176,30,"Conflit modéré"
2000,"Iran",5.11,475341,4.78,9.48,2,"None",21.4670575678483,0.0355866340456932,109591707802.216,5.84552747578209,1650.01385833785,19.7901898959548,14.4767513188567,70.166,11.698,35,"Conflit modéré"
2001,"Iran",4.69,366371,3.45,8.33,2,"None",19.3033203562353,0.321660450664957,126878750295.944,2.39217271207868,1881.02266635283,21.2322461232876,11.2742471332117,70.619,12.362,50,"Conflit modéré"
2002,"Iran",5.16,455373,0.14,4.72,0,"None",24.4139021536457,2.73611498145264,128626917503.72,8.07882927975243,1891.25756091033,23.75878439842,14.3359337378404,71.112,12.8,55,"Paix"
2003,"Iran",4.88,352050,-0.22,9.1,1,"None",24.6274728309232,1.89418626211609,151911222119.488,8.6392983972006,2208.99636552406,26.0516329444029,16.4680116244792,70.464,11.529,60,"Conflit modéré"
2004,"Iran",5.75,462573,0.32,11.91,0,"None",25.266928255823,1.61769687939769,187754571247.666,4.33666597851041,2672.4226651404,26.0469290707658,14.7615086970672,72.04,10.3,65,"Paix"
2005,"Iran",5.88,485566,6.6,7,2,"None",30.3308191865397,1.28425430112768,224970371324.67,3.18980408728824,3132.0508192007,24.1096760770139,13.433118008508,72.446,11.813,70,"Conflit modéré"
2006,"Iran",5.97,474988,4.63,5.4,2,"None",29.8690352505831,0.872560020177082,265602187403.643,4.99979526181222,3618.91601364428,23.2983234638014,10.0158982511924,72.895,11.519,75,"Conflit modéré"
2007,"Iran",5.34,478301,5.16,10.62,1,"None",28.8436124054165,0.5769461352122,349736591832.418,8.15577352358517,4687.99166260718,21.0436945171769,17.3410404624277,73.299,10.772,80,"Conflit modéré"
2008,"Iran",6.07,430435,3.2,8.02,0,"None",26.5771274521598,0.487596567096289,406070949553.875,0.250856553493634,5377.4115072957,21.6522753219841,25.4105090311987,73.683,10.63,85,"Paix"
2009,"Iran",5.69,391844,3.24,8.5,0,"None",22.7114891378215,0.720530462050838,414059094949.063,1.00738545790475,5415.52280553446,20.988091086537,13.5515548281506,74.041,12.113,90,"Paix"
2010,"Iran",5.9,495271,2.51,9.5,2,"None",24.399653282909,0.74916862626536,487069570463.768,5.79793830169604,6291.19443655454,19.3709904542309,10.0893629287979,74.39,13.679,95,"Conflit modéré"
2011,"Iran",6.43,396600,2.75,6.48,1,"None",24.9333131264674,0.679834574763516,629082257472.368,2.6457179180628,8025.68743364356,16.2861016653904,26.2933856738608,74.721,12.491,100,"Conflit modéré"
2012,"Iran",3.76,462855,-5,35,0,"None",22.4753001992586,0.723850091355471,644019315003.54,-3.74717139864109,8114.08099831877,21.6140464814866,27.2568127242908,75.039,12.275,105,"Paix"
2013,"Iran",4.06,410504,-5,35,1,"None",25.1829067419072,0.609501593960532,500399839839.877,-1.52197920494184,6222.74194840326,21.9038111775683,36.6030355191029,75.349,10.595,80,"Conflit modéré"
2014,"Iran",4.42,393642,-5,35,0,"None",22.8306723891643,0.45545387401938,462284793280.825,4.98477506709476,5672.06372896319,22.5207477521518,16.6065532357449,75.635,10.68,75,"Paix"
2015,"Iran",4.54,431121,-5,35,2,"None",18.7208345068656,0.500987695412685,409191686496.677,-1.42488493937503,4952.73355532178,20.7017541543144,12.4846815611533,75.907,11.166,70,"Conflit modéré"
2016,"Iran",8.05,462217,4.6,10.12,0,"None",20.3097816144481,0.70452835935243,478618064870.999,8.8150866425182,5710.59947089104,19.5674601594385,7.24542548952979,76.155,12.618,65,"Paix"
2017,"Iran",7.83,436988,3.47,13.57,1,"None",21.8329309946109,0.983654956177998,510239893417.645,3.02685468694025,6000.93346404409,21.3227621437797,8.04492437660278,76.396,12.232,60,"Conflit modéré"
2018,"Iran",5.95,478322,-3,40,2,"None",29.639694129412,0.576106085876311,411903303606.044,-3.74796015711334,4783.01067340237,26.975655484871,18.0141183371874,76.621,12.195,55,"Conflit modéré"
2019,"Iran",5.32,449616,-3,40,0,"None",22.3147082096412,0.433347777066285,347988400957.999,-2.36143538770575,3997.4935449585,26.2770630040625,39.9073455697784,76.855,10.74,50,"Paix"
2020,"Iran",5.42,455228,-3,40,1,"None",18.3903748639131,0.47769170946132,280934329279.723,4.44180865358672,3202.50003502169,25.4940926265882,30.5941390387295,74.141,9.687,45,"Conflit modéré"
2021,"Iran",6.62,419274,-3,40,2,"None",22.0192078360416,0.34982143161472,407350685583.335,4.13089685034471,4605.14881318992,20.6531717002195,43.3890162681514,73.752,9.282,70,"Conflit modéré"
2022,"Iran",6.75,418344,-3,40,1,"None",25.5666185174995,0.354893288694741,422662261525.665,4.35281087521344,4721.20437099984,23.3517323048057,43.4884641742179,76.799,9.085,75,"Conflit modéré"
2023,"Iran",6.12,442241,-3,40,0,"None",23.9216475542357,0.310885408088419,457510482317.483,5.33235117216407,5049.29931642754,25.4719025417845,44.5791857572797,77.654,8.129,80,"Paix"
2024,"Iran",6.7,425713,-3,40,7,"Israel-Iran Direct Strikes / Proxy War",23.5514720983508,0.304914200880697,475252089215.416,3.66312056830718,5190.16959024821,28.5106585810839,32.455871402917,NA,8.146,85,"Conflit intense"
